<?xml version="1.0" encoding="UTF-8"?><InteractionHistory Id="activity" Version="1"><InteractionEvent Delta="started" EndDate="2009-06-26 18:08:48.102 MSD" Interest="1.0" Kind="attention" Navigation="" OriginId="org.eclipse.ui.workbench" StartDate="2009-06-26 18:08:48.102 MSD" StructureHandle="org.eclipse.sdk.ide" StructureKind="lifecycle"/><InteractionEvent Delta="activated" EndDate="2009-06-26 18:15:50.20 MSD" Interest="1.0" Kind="command" Navigation="" OriginId="org.eclipse.ui.workbench" StartDate="2009-06-26 18:15:50.20 MSD" StructureHandle="local-1" StructureKind="activation"/><InteractionEvent Delta="added" EndDate="2009-06-26 18:21:55.457 MSD" Interest="1.0" Kind="attention" Navigation="" OriginId="org.eclipse.ui.workbench" StartDate="2009-06-26 18:15:53.45 MSD" StructureHandle="local-1" StructureKind="timing"/><InteractionEvent Delta="deactivated" EndDate="2009-06-26 18:21:56.925 MSD" Interest="1.0" Kind="command" Navigation="" OriginId="org.eclipse.ui.workbench" StartDate="2009-06-26 18:21:56.925 MSD" StructureHandle="local-1" StructureKind="activation"/><InteractionEvent Delta="added" EndDate="2009-06-26 18:22:25.507 MSD" Interest="1.0" Kind="attention" Navigation="" OriginId="org.eclipse.ui.workbench" StartDate="2009-06-26 18:21:55.457 MSD" StructureHandle="none" StructureKind="workingset"/><InteractionEvent Delta="activated" EndDate="2009-06-26 18:22:32.450 MSD" Interest="1.0" Kind="command" Navigation="" OriginId="org.eclipse.ui.workbench" StartDate="2009-06-26 18:22:32.450 MSD" StructureHandle="local-1" StructureKind="activation"/><InteractionEvent Delta="added" EndDate="2009-06-26 18:40:29.836 MSD" Interest="1.0" Kind="attention" Navigation="" OriginId="org.eclipse.ui.workbench" StartDate="2009-06-26 18:22:25.507 MSD" StructureHandle="local-1" StructureKind="timing"/><InteractionEvent Delta="added" EndDate="2009-06-26 18:42:59.945 MSD" Interest="1.0" Kind="attention" Navigation="" OriginId="org.eclipse.ui.workbench" StartDate="2009-06-26 18:41:29.891 MSD" StructureHandle="none" StructureKind="workingset"/><InteractionEvent Delta="activated" EndDate="2009-06-26 18:43:20.519 MSD" Interest="1.0" Kind="command" Navigation="" OriginId="org.eclipse.ui.workbench" StartDate="2009-06-26 18:43:20.519 MSD" StructureHandle="local-1" StructureKind="activation"/><InteractionEvent Delta="added" EndDate="2009-06-26 18:47:00.249 MSD" Interest="1.0" Kind="attention" Navigation="" OriginId="org.eclipse.ui.workbench" StartDate="2009-06-26 18:42:59.945 MSD" StructureHandle="local-1" StructureKind="timing"/><InteractionEvent Delta="deactivated" EndDate="2009-06-26 18:47:28.761 MSD" Interest="1.0" Kind="command" Navigation="" OriginId="org.eclipse.ui.workbench" StartDate="2009-06-26 18:47:28.761 MSD" StructureHandle="local-1" StructureKind="activation"/><InteractionEvent Delta="activated" EndDate="2009-06-26 18:47:28.761 MSD" Interest="1.0" Kind="command" Navigation="" OriginId="org.eclipse.ui.workbench" StartDate="2009-06-26 18:47:28.761 MSD" StructureHandle="local-3" StructureKind="activation"/><InteractionEvent Delta="added" EndDate="2009-06-26 18:50:01.48 MSD" Interest="1.0" Kind="attention" Navigation="" OriginId="org.eclipse.ui.workbench" StartDate="2009-06-26 18:47:00.249 MSD" StructureHandle="local-3" StructureKind="timing"/><InteractionEvent Delta="deactivated" EndDate="2009-06-26 18:50:20.448 MSD" Interest="1.0" Kind="command" Navigation="" OriginId="org.eclipse.ui.workbench" StartDate="2009-06-26 18:50:20.448 MSD" StructureHandle="local-3" StructureKind="activation"/><InteractionEvent Delta="added" EndDate="2009-06-26 18:51:01.148 MSD" Interest="1.0" Kind="attention" Navigation="" OriginId="org.eclipse.ui.workbench" StartDate="2009-06-26 18:50:01.48 MSD" StructureHandle="none" StructureKind="workingset"/><InteractionEvent Delta="activated" EndDate="2009-06-26 18:51:03.252 MSD" Interest="1.0" Kind="command" Navigation="" OriginId="org.eclipse.ui.workbench" StartDate="2009-06-26 18:51:03.252 MSD" StructureHandle="local-4" StructureKind="activation"/><InteractionEvent Delta="added" EndDate="2009-06-26 18:59:01.854 MSD" Interest="1.0" Kind="attention" Navigation="" OriginId="org.eclipse.ui.workbench" StartDate="2009-06-26 18:51:01.148 MSD" StructureHandle="local-4" StructureKind="timing"/><InteractionEvent Delta="added" EndDate="2009-06-26 23:37:39.427 MSD" Interest="1.0" Kind="attention" Navigation="" OriginId="org.eclipse.ui.workbench" StartDate="2009-06-26 23:28:32.356 MSD" StructureHandle="local-4" StructureKind="timing"/><InteractionEvent Delta="added" EndDate="2009-06-27 00:03:03.81 MSD" Interest="1.0" Kind="attention" Navigation="" OriginId="org.eclipse.ui.workbench" StartDate="2009-06-27 00:00:02.865 MSD" StructureHandle="local-4" StructureKind="timing"/><InteractionEvent Delta="deactivated" EndDate="2009-06-27 09:54:48.359 MSD" Interest="1.0" Kind="command" Navigation="" OriginId="org.eclipse.ui.workbench" StartDate="2009-06-27 09:54:48.359 MSD" StructureHandle="local-4" StructureKind="activation"/><InteractionEvent Delta="activated" EndDate="2009-06-27 09:54:57.267 MSD" Interest="1.0" Kind="command" Navigation="" OriginId="org.eclipse.ui.workbench" StartDate="2009-06-27 09:54:57.267 MSD" StructureHandle="local-4" StructureKind="activation"/><InteractionEvent Delta="added" EndDate="2009-06-27 09:57:46.433 MSD" Interest="1.0" Kind="attention" Navigation="" OriginId="org.eclipse.ui.workbench" StartDate="2009-06-27 09:54:45.711 MSD" StructureHandle="local-4" StructureKind="timing"/><InteractionEvent Delta="added" EndDate="2009-06-27 10:11:40.952 MSD" Interest="1.0" Kind="attention" Navigation="" OriginId="org.eclipse.ui.workbench" StartDate="2009-06-27 10:06:10.525 MSD" StructureHandle="local-4" StructureKind="timing"/></InteractionHistory>