<?xml version="1.0" encoding="UTF-8"?><InteractionHistory Id="local-1" Version="1"><InteractionEvent Delta="null" EndDate="2009-06-26 18:46:30.160 MSD" Interest="5.0" Kind="propagation" Navigation="org.eclipse.mylyn.core.model.edges.containment" OriginId="org.eclipse.mylyn.core.model.interest.propagation" StartDate="2009-06-26 18:45:52.326 MSD" StructureHandle="" StructureKind="java" NumEvents="5" CreationCount="69"/><InteractionEvent Delta="null" EndDate="2009-06-26 18:46:00.657 MSD" Interest="17.278002" Kind="propagation" Navigation="org.eclipse.mylyn.core.model.edges.containment" OriginId="org.eclipse.mylyn.core.model.interest.propagation" StartDate="2009-06-26 18:16:51.344 MSD" StructureHandle="=org.abreslav.grammatic.atf/src&amp;lt;org.abreslav.grammatic.atf.parser{ATFModuleParser.java" StructureKind="java" NumEvents="27" CreationCount="11"/><InteractionEvent Delta="null" EndDate="2009-06-26 18:45:54.651 MSD" Interest="4.0" Kind="selection" Navigation="null" OriginId="org.eclipse.jdt.ui.CompilationUnitEditor" StartDate="2009-06-26 18:16:50.755 MSD" StructureHandle="=org.abreslav.grammatic.atf/src&amp;lt;org.abreslav.grammatic.atf.parser{ATFModuleParser.java" StructureKind="java" NumEvents="4" CreationCount="11"/><InteractionEvent Delta="null" EndDate="2009-06-26 18:16:29.31 MSD" Interest="1.0" Kind="selection" Navigation="null" OriginId="org.eclipse.jdt.ui.CompilationUnitEditor" StartDate="2009-06-26 18:16:29.31 MSD" StructureHandle="=org.abreslav.grammatic.atf.java/src&amp;lt;org.abreslav.grammatic.atf.java.parser{JavaTypeSystemBuilder.java[JavaTypeSystemBuilder~openModule~QString;~QIOptions;" StructureKind="java"/><InteractionEvent Delta="null" EndDate="2009-06-26 18:16:31.789 MSD" Interest="3.0" Kind="edit" Navigation="null" OriginId="org.eclipse.jdt.ui.CompilationUnitEditor" StartDate="2009-06-26 18:16:30.481 MSD" StructureHandle="=org.abreslav.grammatic.atf.java/src&amp;lt;org.abreslav.grammatic.atf.java.parser{JavaTypeSystemBuilder.java[JavaTypeSystemBuilder~openModule~QString;~QIOptions;" StructureKind="java" NumEvents="3" CreationCount="5"/><InteractionEvent Delta="null" EndDate="2009-06-26 18:16:40.505 MSD" Interest="10.0" Kind="propagation" Navigation="org.eclipse.mylyn.core.model.edges.containment" OriginId="org.eclipse.mylyn.core.model.interest.propagation" StartDate="2009-06-26 18:16:17.114 MSD" StructureHandle="/org.abreslav.grammatic.atf.java/src/org/abreslav/grammatic" StructureKind="resource" NumEvents="10" CreationCount="1"/><InteractionEvent Delta="null" EndDate="2009-06-26 18:46:00.658 MSD" Interest="21.278002" Kind="propagation" Navigation="org.eclipse.mylyn.core.model.edges.containment" OriginId="org.eclipse.mylyn.core.model.interest.propagation" StartDate="2009-06-26 18:16:50.756 MSD" StructureHandle="=org.abreslav.grammatic.atf/src&amp;lt;org.abreslav.grammatic.atf.parser" StructureKind="java" NumEvents="33" CreationCount="11"/><InteractionEvent Delta="null" EndDate="2009-06-26 18:16:40.505 MSD" Interest="10.0" Kind="propagation" Navigation="null" OriginId="org.eclipse.jdt.ui.CompilationUnitEditor" StartDate="2009-06-26 18:16:17.113 MSD" StructureHandle="/org.abreslav.grammatic.atf.java/src/org/abreslav/grammatic/atf/java/parser/JavaTypeSystemBuilder.java" StructureKind="resource" NumEvents="10" CreationCount="1"/><InteractionEvent Delta="null" EndDate="2009-06-26 18:16:40.505 MSD" Interest="10.0" Kind="propagation" Navigation="org.eclipse.mylyn.core.model.edges.containment" OriginId="org.eclipse.mylyn.core.model.interest.propagation" StartDate="2009-06-26 18:16:17.114 MSD" StructureHandle="/org.abreslav.grammatic.atf.java/src/org/abreslav/grammatic/atf" StructureKind="resource" NumEvents="10" CreationCount="1"/><InteractionEvent Delta="null" EndDate="2009-06-26 18:16:40.506 MSD" Interest="10.0" Kind="propagation" Navigation="org.eclipse.mylyn.core.model.edges.containment" OriginId="org.eclipse.mylyn.core.model.interest.propagation" StartDate="2009-06-26 18:16:17.114 MSD" StructureHandle="=org.abreslav.grammatic.atf.java" StructureKind="resource" NumEvents="10" CreationCount="1"/><InteractionEvent Delta="null" EndDate="2009-06-26 18:16:40.506 MSD" Interest="10.0" Kind="propagation" Navigation="org.eclipse.mylyn.core.model.edges.containment" OriginId="org.eclipse.mylyn.core.model.interest.propagation" StartDate="2009-06-26 18:16:17.114 MSD" StructureHandle="/org.abreslav.grammatic.atf.java/src/org" StructureKind="resource" NumEvents="10" CreationCount="1"/><InteractionEvent Delta="null" EndDate="2009-06-26 18:16:40.506 MSD" Interest="10.0" Kind="propagation" Navigation="org.eclipse.mylyn.core.model.edges.containment" OriginId="org.eclipse.mylyn.core.model.interest.propagation" StartDate="2009-06-26 18:16:17.114 MSD" StructureHandle="/org.abreslav.grammatic.atf.java/src" StructureKind="resource" NumEvents="10" CreationCount="1"/><InteractionEvent Delta="null" EndDate="2009-06-26 18:20:42.569 MSD" Interest="1.0" Kind="selection" Navigation="null" OriginId="org.eclipse.jdt.ui.CompilationUnitEditor" StartDate="2009-06-26 18:20:42.569 MSD" StructureHandle="=org.abreslav.grammatic.atf/src&amp;lt;org.abreslav.grammatic.atf.parser{IOptions.java[IOptions~getOptions" StructureKind="java"/><InteractionEvent Delta="null" EndDate="2009-06-26 18:46:00.657 MSD" Interest="50.0" Kind="propagation" Navigation="null" OriginId="org.eclipse.jdt.ui.PackageExplorer" StartDate="2009-06-26 18:16:50.755 MSD" StructureHandle="/org.abreslav.grammatic.atf/src/org/abreslav/grammatic/atf/parser/ATFModuleParser.java" StructureKind="resource" NumEvents="50" CreationCount="11"/><InteractionEvent Delta="null" EndDate="2009-06-26 18:17:33.781 MSD" Interest="1.017" Kind="propagation" Navigation="org.eclipse.mylyn.core.model.edges.containment" OriginId="org.eclipse.mylyn.core.model.interest.propagation" StartDate="2009-06-26 18:17:30.557 MSD" StructureHandle="=org.abreslav.grammatic.atf/src&amp;lt;org.abreslav.grammatic.atf.parser{IOptions.java" StructureKind="java" NumEvents="2" CreationCount="23"/><InteractionEvent Delta="null" EndDate="2009-06-26 18:20:41.974 MSD" Interest="3.0" Kind="selection" Navigation="null" OriginId="org.eclipse.jdt.ui.CompilationUnitEditor" StartDate="2009-06-26 18:17:30.12 MSD" StructureHandle="=org.abreslav.grammatic.atf/src&amp;lt;org.abreslav.grammatic.atf.parser{IOptions.java" StructureKind="java" NumEvents="3" CreationCount="23"/><InteractionEvent Delta="null" EndDate="2009-06-26 18:17:09.815 MSD" Interest="0.01700002" Kind="propagation" Navigation="org.eclipse.mylyn.core.model.edges.containment" OriginId="org.eclipse.mylyn.core.model.interest.propagation" StartDate="2009-06-26 18:17:09.815 MSD" StructureHandle="=org.abreslav.grammatic.atf/src&amp;lt;org.abreslav.grammatic.atf.parser{SemanticModuleDescriptor.java" StructureKind="java"/><InteractionEvent Delta="null" EndDate="2009-06-26 18:17:09.208 MSD" Interest="1.0" Kind="selection" Navigation="null" OriginId="org.eclipse.jdt.ui.CompilationUnitEditor" StartDate="2009-06-26 18:17:09.208 MSD" StructureHandle="=org.abreslav.grammatic.atf/src&amp;lt;org.abreslav.grammatic.atf.parser{SemanticModuleDescriptor.java" StructureKind="java"/><InteractionEvent Delta="null" EndDate="2009-06-26 18:46:00.658 MSD" Interest="67.0" Kind="propagation" Navigation="null" OriginId="org.eclipse.jdt.ui.PackageExplorer" StartDate="2009-06-26 18:16:50.755 MSD" StructureHandle="/org.abreslav.grammatic.atf/src/org/abreslav/grammatic/atf/parser" StructureKind="resource" NumEvents="67" CreationCount="11"/><InteractionEvent Delta="null" EndDate="2009-06-26 18:16:37.306 MSD" Interest="2.168" Kind="propagation" Navigation="org.eclipse.mylyn.core.model.edges.containment" OriginId="org.eclipse.mylyn.core.model.interest.propagation" StartDate="2009-06-26 18:16:17.838 MSD" StructureHandle="=org.abreslav.grammatic.atf.java/src&amp;lt;org.abreslav.grammatic.atf.java.parser{JavaTypeSystemBuilder.java" StructureKind="java" NumEvents="7" CreationCount="1"/><InteractionEvent Delta="null" EndDate="2009-06-26 18:16:17.113 MSD" Interest="1.0" Kind="selection" Navigation="null" OriginId="org.eclipse.jdt.ui.CompilationUnitEditor" StartDate="2009-06-26 18:16:17.113 MSD" StructureHandle="=org.abreslav.grammatic.atf.java/src&amp;lt;org.abreslav.grammatic.atf.java.parser{JavaTypeSystemBuilder.java" StructureKind="java"/><InteractionEvent Delta="null" EndDate="2009-06-26 18:46:00.658 MSD" Interest="67.0" Kind="propagation" Navigation="org.eclipse.mylyn.core.model.edges.containment" OriginId="org.eclipse.mylyn.core.model.interest.propagation" StartDate="2009-06-26 18:16:50.755 MSD" StructureHandle="/org.abreslav.grammatic.atf/src/org/abreslav/grammatic" StructureKind="resource" NumEvents="67" CreationCount="11"/><InteractionEvent Delta="null" EndDate="2009-06-26 18:16:40.505 MSD" Interest="10.0" Kind="propagation" Navigation="org.eclipse.mylyn.core.model.edges.containment" OriginId="org.eclipse.mylyn.core.model.interest.propagation" StartDate="2009-06-26 18:16:17.114 MSD" StructureHandle="/org.abreslav.grammatic.atf.java/src/org/abreslav/grammatic/atf/java" StructureKind="resource" NumEvents="10" CreationCount="1"/><InteractionEvent Delta="null" EndDate="2009-06-26 18:16:40.506 MSD" Interest="10.0" Kind="propagation" Navigation="org.eclipse.mylyn.core.model.edges.containment" OriginId="org.eclipse.mylyn.core.model.interest.propagation" StartDate="2009-06-26 18:16:17.114 MSD" StructureHandle="/org.abreslav.grammatic.atf.java/src/org/abreslav" StructureKind="resource" NumEvents="10" CreationCount="1"/><InteractionEvent Delta="null" EndDate="2009-06-26 18:46:00.658 MSD" Interest="67.0" Kind="propagation" Navigation="org.eclipse.mylyn.core.model.edges.containment" OriginId="org.eclipse.mylyn.core.model.interest.propagation" StartDate="2009-06-26 18:16:50.756 MSD" StructureHandle="/org.abreslav.grammatic.atf/src/org" StructureKind="resource" NumEvents="67" CreationCount="11"/><InteractionEvent Delta="null" EndDate="2009-06-26 18:16:40.505 MSD" Interest="10.0" Kind="propagation" Navigation="org.eclipse.mylyn.core.model.edges.containment" OriginId="org.eclipse.mylyn.core.model.interest.propagation" StartDate="2009-06-26 18:16:17.113 MSD" StructureHandle="/org.abreslav.grammatic.atf.java/src/org/abreslav/grammatic/atf/java/parser" StructureKind="resource" NumEvents="10" CreationCount="1"/><InteractionEvent Delta="null" EndDate="2009-06-26 18:16:37.301 MSD" Interest="1.0" Kind="selection" Navigation="null" OriginId="org.eclipse.jdt.ui.CompilationUnitEditor" StartDate="2009-06-26 18:16:37.301 MSD" StructureHandle="=org.abreslav.grammatic.atf.java/src&amp;lt;org.abreslav.grammatic.atf.java.parser{JavaTypeSystemBuilder.java[JavaTypeSystemBuilder~closeModule~QString;" StructureKind="java"/><InteractionEvent Delta="null" EndDate="2009-06-26 18:46:00.658 MSD" Interest="67.0" Kind="propagation" Navigation="org.eclipse.mylyn.core.model.edges.containment" OriginId="org.eclipse.mylyn.core.model.interest.propagation" StartDate="2009-06-26 18:16:50.756 MSD" StructureHandle="/org.abreslav.grammatic.atf/src/org/abreslav" StructureKind="resource" NumEvents="67" CreationCount="11"/><InteractionEvent Delta="null" EndDate="2009-06-26 18:46:00.658 MSD" Interest="67.0" Kind="propagation" Navigation="org.eclipse.mylyn.core.model.edges.containment" OriginId="org.eclipse.mylyn.core.model.interest.propagation" StartDate="2009-06-26 18:16:50.756 MSD" StructureHandle="/org.abreslav.grammatic.atf/src" StructureKind="resource" NumEvents="67" CreationCount="11"/><InteractionEvent Delta="null" EndDate="2009-06-26 18:16:31.790 MSD" Interest="2.1509998" Kind="propagation" Navigation="org.eclipse.mylyn.core.model.edges.containment" OriginId="org.eclipse.mylyn.core.model.interest.propagation" StartDate="2009-06-26 18:16:26.100 MSD" StructureHandle="=org.abreslav.grammatic.atf.java/src&amp;lt;org.abreslav.grammatic.atf.java.parser{JavaTypeSystemBuilder.java[JavaTypeSystemBuilder" StructureKind="java" NumEvents="5" CreationCount="2"/><InteractionEvent Delta="null" EndDate="2009-06-26 18:16:17.837 MSD" Interest="1.0" Kind="selection" Navigation="null" OriginId="org.eclipse.jdt.ui.CompilationUnitEditor" StartDate="2009-06-26 18:16:17.837 MSD" StructureHandle="=org.abreslav.grammatic.atf.java/src&amp;lt;org.abreslav.grammatic.atf.java.parser{JavaTypeSystemBuilder.java[JavaTypeSystemBuilder" StructureKind="java"/><InteractionEvent Delta="null" EndDate="2009-06-26 18:19:47.693 MSD" Interest="2.0" Kind="selection" Navigation="null" OriginId="org.eclipse.jdt.ui.CompilationUnitEditor" StartDate="2009-06-26 18:19:35.453 MSD" StructureHandle="=org.abreslav.grammatic.atf/src&amp;lt;org.abreslav.grammatic.atf.parser{ATFModuleParser.java[ATFModuleParser^mySemanticModuleDescriptors" StructureKind="java" NumEvents="2" CreationCount="36"/><InteractionEvent Delta="null" EndDate="2009-06-26 18:19:57.117 MSD" Interest="4.0" Kind="edit" Navigation="null" OriginId="org.eclipse.jdt.ui.CompilationUnitEditor" StartDate="2009-06-26 18:19:42.382 MSD" StructureHandle="=org.abreslav.grammatic.atf/src&amp;lt;org.abreslav.grammatic.atf.parser{ATFModuleParser.java[ATFModuleParser^mySemanticModuleDescriptors" StructureKind="java" NumEvents="4" CreationCount="36"/><InteractionEvent Delta="null" EndDate="2009-06-26 18:17:09.815 MSD" Interest="2.0" Kind="propagation" Navigation="null" OriginId="org.eclipse.jdt.ui.CompilationUnitEditor" StartDate="2009-06-26 18:17:09.208 MSD" StructureHandle="/org.abreslav.grammatic.atf/src/org/abreslav/grammatic/atf/parser/SemanticModuleDescriptor.java" StructureKind="resource" NumEvents="2" CreationCount="14"/><InteractionEvent Delta="null" EndDate="2009-06-26 18:46:30.160 MSD" Interest="70.17" Kind="propagation" Navigation="null" OriginId="org.eclipse.jdt.ui.PackageExplorer" StartDate="2009-06-26 18:16:17.114 MSD" StructureHandle="/" StructureKind="resource" NumEvents="73" CreationCount="1"/><InteractionEvent Delta="null" EndDate="2009-06-26 18:46:00.659 MSD" Interest="21.278002" Kind="propagation" Navigation="org.eclipse.mylyn.core.model.edges.containment" OriginId="org.eclipse.mylyn.core.model.interest.propagation" StartDate="2009-06-26 18:16:50.756 MSD" StructureHandle="=org.abreslav.grammatic.atf/src" StructureKind="java" NumEvents="33" CreationCount="11"/><InteractionEvent Delta="null" EndDate="2009-06-26 18:17:23.359 MSD" Interest="0.71700007" Kind="propagation" Navigation="org.eclipse.mylyn.core.model.edges.containment" OriginId="org.eclipse.mylyn.core.model.interest.propagation" StartDate="2009-06-26 18:17:16.457 MSD" StructureHandle="=org.abreslav.grammatic.atf/src&amp;lt;org.abreslav.grammatic.atf.parser{Options.java" StructureKind="java" NumEvents="2" CreationCount="16"/><InteractionEvent Delta="null" EndDate="2009-06-26 18:17:26.418 MSD" Interest="2.0" Kind="selection" Navigation="null" OriginId="org.eclipse.jdt.ui.CompilationUnitEditor" StartDate="2009-06-26 18:17:15.925 MSD" StructureHandle="=org.abreslav.grammatic.atf/src&amp;lt;org.abreslav.grammatic.atf.parser{Options.java" StructureKind="java" NumEvents="2" CreationCount="16"/><InteractionEvent Delta="null" EndDate="2009-06-26 18:16:26.100 MSD" Interest="1.0" Kind="selection" Navigation="null" OriginId="org.eclipse.jdt.ui.CompilationUnitEditor" StartDate="2009-06-26 18:16:26.100 MSD" StructureHandle="=org.abreslav.grammatic.atf.java/src&amp;lt;org.abreslav.grammatic.atf.java.parser{JavaTypeSystemBuilder.java[JavaTypeSystemBuilder^myOptions" StructureKind="java"/><InteractionEvent Delta="null" EndDate="2009-06-26 18:16:26.990 MSD" Interest="1.0" Kind="edit" Navigation="null" OriginId="org.eclipse.jdt.ui.CompilationUnitEditor" StartDate="2009-06-26 18:16:26.990 MSD" StructureHandle="=org.abreslav.grammatic.atf.java/src&amp;lt;org.abreslav.grammatic.atf.java.parser{JavaTypeSystemBuilder.java[JavaTypeSystemBuilder^myOptions" StructureKind="java"/><InteractionEvent Delta="null" EndDate="2009-06-26 18:17:09.814 MSD" Interest="1.0" Kind="selection" Navigation="null" OriginId="org.eclipse.jdt.ui.CompilationUnitEditor" StartDate="2009-06-26 18:17:09.814 MSD" StructureHandle="=org.abreslav.grammatic.atf/src&amp;lt;org.abreslav.grammatic.atf.parser{SemanticModuleDescriptor.java[SemanticModuleDescriptor" StructureKind="java"/><InteractionEvent Delta="null" EndDate="2009-06-26 18:17:26.453 MSD" Interest="2.0" Kind="selection" Navigation="null" OriginId="org.eclipse.jdt.ui.CompilationUnitEditor" StartDate="2009-06-26 18:17:16.457 MSD" StructureHandle="=org.abreslav.grammatic.atf/src&amp;lt;org.abreslav.grammatic.atf.parser{Options.java[Options" StructureKind="java" NumEvents="2" CreationCount="17"/><InteractionEvent Delta="null" EndDate="2009-06-26 18:17:23.358 MSD" Interest="1.0" Kind="edit" Navigation="null" OriginId="org.eclipse.jdt.ui.CompilationUnitEditor" StartDate="2009-06-26 18:17:23.358 MSD" StructureHandle="=org.abreslav.grammatic.atf/src&amp;lt;org.abreslav.grammatic.atf.parser{Options.java[Options" StructureKind="java"/><InteractionEvent Delta="null" EndDate="2009-06-26 18:20:43.353 MSD" Interest="8.0" Kind="propagation" Navigation="null" OriginId="org.eclipse.jdt.ui.CompilationUnitEditor" StartDate="2009-06-26 18:17:30.12 MSD" StructureHandle="/org.abreslav.grammatic.atf/src/org/abreslav/grammatic/atf/parser/IOptions.java" StructureKind="resource" NumEvents="8" CreationCount="23"/><InteractionEvent Delta="null" EndDate="2009-06-26 18:20:43.353 MSD" Interest="4.0" Kind="selection" Navigation="null" OriginId="org.eclipse.jdt.ui.CompilationUnitEditor" StartDate="2009-06-26 18:17:30.556 MSD" StructureHandle="=org.abreslav.grammatic.atf/src&amp;lt;org.abreslav.grammatic.atf.parser{IOptions.java[IOptions" StructureKind="java" NumEvents="4" CreationCount="24"/><InteractionEvent Delta="null" EndDate="2009-06-26 18:16:37.307 MSD" Interest="3.168" Kind="propagation" Navigation="org.eclipse.mylyn.core.model.edges.containment" OriginId="org.eclipse.mylyn.core.model.interest.propagation" StartDate="2009-06-26 18:16:17.114 MSD" StructureHandle="=org.abreslav.grammatic.atf.java/src&amp;lt;org.abreslav.grammatic.atf.java.parser" StructureKind="java" NumEvents="8" CreationCount="1"/><InteractionEvent Delta="null" EndDate="2009-06-26 18:16:40.504 MSD" Interest="1.0" Kind="selection" Navigation="null" OriginId="org.eclipse.jdt.ui.CompilationUnitEditor" StartDate="2009-06-26 18:16:40.504 MSD" StructureHandle="=org.abreslav.grammatic.atf.java/src&amp;lt;org.abreslav.grammatic.atf.java.parser{JavaTypeSystemBuilder.java[JavaTypeSystemBuilder~addJavaOption~QString;~QString;" StructureKind="java"/><InteractionEvent Delta="null" EndDate="2009-06-26 18:46:00.657 MSD" Interest="13.461" Kind="propagation" Navigation="org.eclipse.mylyn.core.model.edges.containment" OriginId="org.eclipse.mylyn.core.model.interest.propagation" StartDate="2009-06-26 18:20:23.780 MSD" StructureHandle="=org.abreslav.grammatic.atf/src&amp;lt;org.abreslav.grammatic.atf.parser{ATFModuleParser.java[ATFModuleParser" StructureKind="java" NumEvents="18" CreationCount="12"/><InteractionEvent Delta="null" EndDate="2009-06-26 18:19:59.694 MSD" Interest="5.0" Kind="selection" Navigation="null" OriginId="org.eclipse.jdt.ui.CompilationUnitEditor" StartDate="2009-06-26 18:16:51.343 MSD" StructureHandle="=org.abreslav.grammatic.atf/src&amp;lt;org.abreslav.grammatic.atf.parser{ATFModuleParser.java[ATFModuleParser" StructureKind="java" NumEvents="5" CreationCount="12"/><InteractionEvent Delta="null" EndDate="2009-06-26 18:19:26.439 MSD" Interest="4.0" Kind="edit" Navigation="null" OriginId="org.eclipse.jdt.ui.CompilationUnitEditor" StartDate="2009-06-26 18:19:14.820 MSD" StructureHandle="=org.abreslav.grammatic.atf/src&amp;lt;org.abreslav.grammatic.atf.parser{ATFModuleParser.java[ATFModuleParser" StructureKind="java" NumEvents="4" CreationCount="12"/><InteractionEvent Delta="null" EndDate="2009-06-26 18:17:26.453 MSD" Interest="5.0" Kind="propagation" Navigation="null" OriginId="org.eclipse.jdt.ui.CompilationUnitEditor" StartDate="2009-06-26 18:17:15.926 MSD" StructureHandle="/org.abreslav.grammatic.atf/src/org/abreslav/grammatic/atf/parser/Options.java" StructureKind="resource" NumEvents="5" CreationCount="16"/><InteractionEvent Delta="null" EndDate="2009-06-26 18:46:00.657 MSD" Interest="6.0" Kind="selection" Navigation="null" OriginId="org.eclipse.jdt.ui.PackageExplorer" StartDate="2009-06-26 18:20:04.393 MSD" StructureHandle="=org.abreslav.grammatic.atf/src&amp;lt;org.abreslav.grammatic.atf.parser{ATFModuleParser.java[ATFModuleParser~loadSemanticModule~QString;" StructureKind="java" NumEvents="6" CreationCount="45"/><InteractionEvent Delta="null" EndDate="2009-06-26 18:20:52.382 MSD" Interest="21.0" Kind="edit" Navigation="null" OriginId="org.eclipse.jdt.ui.CompilationUnitEditor" StartDate="2009-06-26 18:20:06.323 MSD" StructureHandle="=org.abreslav.grammatic.atf/src&amp;lt;org.abreslav.grammatic.atf.parser{ATFModuleParser.java[ATFModuleParser~loadSemanticModule~QString;" StructureKind="java" NumEvents="21" CreationCount="45"/><InteractionEvent Delta="null" EndDate="2009-06-26 18:46:00.658 MSD" Interest="67.0" Kind="propagation" Navigation="org.eclipse.mylyn.core.model.edges.containment" OriginId="org.eclipse.mylyn.core.model.interest.propagation" StartDate="2009-06-26 18:16:50.756 MSD" StructureHandle="=org.abreslav.grammatic.atf" StructureKind="resource" NumEvents="67" CreationCount="11"/><InteractionEvent Delta="null" EndDate="2009-06-26 18:16:37.308 MSD" Interest="3.168" Kind="propagation" Navigation="org.eclipse.mylyn.core.model.edges.containment" OriginId="org.eclipse.mylyn.core.model.interest.propagation" StartDate="2009-06-26 18:16:17.115 MSD" StructureHandle="=org.abreslav.grammatic.atf.java/src" StructureKind="java" NumEvents="8" CreationCount="1"/><InteractionEvent Delta="null" EndDate="2009-06-26 18:46:00.658 MSD" Interest="67.0" Kind="propagation" Navigation="org.eclipse.mylyn.core.model.edges.containment" OriginId="org.eclipse.mylyn.core.model.interest.propagation" StartDate="2009-06-26 18:16:50.755 MSD" StructureHandle="/org.abreslav.grammatic.atf/src/org/abreslav/grammatic/atf" StructureKind="resource" NumEvents="67" CreationCount="11"/></InteractionHistory>