<?xml version="1.0" encoding="UTF-8"?><InteractionHistory Id="local-3" Version="1"><InteractionEvent Delta="null" EndDate="2009-06-26 18:48:52.464 MSD" Interest="5.236" Kind="propagation" Navigation="org.eclipse.mylyn.core.model.edges.containment" OriginId="org.eclipse.mylyn.core.model.interest.propagation" StartDate="2009-06-26 18:47:42.367 MSD" StructureHandle="" StructureKind="java" NumEvents="9" CreationCount="1"/><InteractionEvent Delta="null" EndDate="2009-06-26 18:50:13.567 MSD" Interest="1.017" Kind="propagation" Navigation="org.eclipse.mylyn.core.model.edges.containment" OriginId="org.eclipse.mylyn.core.model.interest.propagation" StartDate="2009-06-26 18:49:08.874 MSD" StructureHandle="=org.abreslav.grammatic.atf/src&amp;lt;org.abreslav.grammatic.atf.parser{ATFModuleParser.java" StructureKind="java" NumEvents="2" CreationCount="19"/><InteractionEvent Delta="null" EndDate="2009-06-26 18:49:08.280 MSD" Interest="1.0" Kind="selection" Navigation="null" OriginId="org.eclipse.jdt.ui.CompilationUnitEditor" StartDate="2009-06-26 18:49:08.280 MSD" StructureHandle="=org.abreslav.grammatic.atf/src&amp;lt;org.abreslav.grammatic.atf.parser{ATFModuleParser.java" StructureKind="java"/><InteractionEvent Delta="null" EndDate="2009-06-26 18:50:13.586 MSD" Interest="4.0" Kind="propagation" Navigation="org.eclipse.mylyn.core.model.edges.containment" OriginId="org.eclipse.mylyn.core.model.interest.propagation" StartDate="2009-06-26 18:49:36.866 MSD" StructureHandle="/org.abreslav.grammatic.atf.java/src/org/abreslav/grammatic" StructureKind="resource" NumEvents="4" CreationCount="21"/><InteractionEvent Delta="null" EndDate="2009-06-26 18:50:13.567 MSD" Interest="2.017" Kind="propagation" Navigation="org.eclipse.mylyn.core.model.edges.containment" OriginId="org.eclipse.mylyn.core.model.interest.propagation" StartDate="2009-06-26 18:49:08.280 MSD" StructureHandle="=org.abreslav.grammatic.atf/src&amp;lt;org.abreslav.grammatic.atf.parser" StructureKind="java" NumEvents="3" CreationCount="19"/><InteractionEvent Delta="null" EndDate="2009-06-26 18:50:13.586 MSD" Interest="4.0" Kind="propagation" Navigation="org.eclipse.mylyn.core.model.edges.containment" OriginId="org.eclipse.mylyn.core.model.interest.propagation" StartDate="2009-06-26 18:49:36.866 MSD" StructureHandle="/org.abreslav.grammatic.atf.java/src/org/abreslav/grammatic/atf" StructureKind="resource" NumEvents="4" CreationCount="21"/><InteractionEvent Delta="null" EndDate="2009-06-26 18:50:13.586 MSD" Interest="4.0" Kind="propagation" Navigation="null" OriginId="org.eclipse.jdt.callhierarchy.view" StartDate="2009-06-26 18:49:36.866 MSD" StructureHandle="/org.abreslav.grammatic.atf.java/src/org/abreslav/grammatic/atf/java/parser/JavaTypeSystemBuilder.java" StructureKind="resource" NumEvents="4" CreationCount="21"/><InteractionEvent Delta="null" EndDate="2009-06-26 18:50:13.566 MSD" Interest="2.0" Kind="selection" Navigation="null" OriginId="org.eclipse.jdt.callhierarchy.view" StartDate="2009-06-26 18:49:08.873 MSD" StructureHandle="=org.abreslav.grammatic.atf/src&amp;lt;org.abreslav.grammatic.atf.parser{ATFModuleParser.java[ATFModuleParser~loadATFModule~QString;" StructureKind="java" NumEvents="2" CreationCount="20"/><InteractionEvent Delta="null" EndDate="2009-06-26 18:48:47.856 MSD" Interest="5.151" Kind="propagation" Navigation="org.eclipse.mylyn.core.model.edges.containment" OriginId="org.eclipse.mylyn.core.model.interest.propagation" StartDate="2009-06-26 18:47:42.367 MSD" StructureHandle="=org.abreslav.grammatic.atf.java" StructureKind="java" NumEvents="8" CreationCount="1"/><InteractionEvent Delta="null" EndDate="2009-06-26 18:50:13.586 MSD" Interest="4.0" Kind="propagation" Navigation="org.eclipse.mylyn.core.model.edges.containment" OriginId="org.eclipse.mylyn.core.model.interest.propagation" StartDate="2009-06-26 18:49:36.866 MSD" StructureHandle="/org.abreslav.grammatic.atf.java/src" StructureKind="resource" NumEvents="4" CreationCount="21"/><InteractionEvent Delta="null" EndDate="2009-06-26 18:50:13.586 MSD" Interest="4.0" Kind="propagation" Navigation="org.eclipse.mylyn.core.model.edges.containment" OriginId="org.eclipse.mylyn.core.model.interest.propagation" StartDate="2009-06-26 18:49:36.866 MSD" StructureHandle="/org.abreslav.grammatic.atf.java/src/org" StructureKind="resource" NumEvents="4" CreationCount="21"/><InteractionEvent Delta="null" EndDate="2009-06-26 18:50:13.567 MSD" Interest="3.0" Kind="propagation" Navigation="null" OriginId="org.eclipse.jdt.callhierarchy.view" StartDate="2009-06-26 18:49:08.280 MSD" StructureHandle="/org.abreslav.grammatic.atf/src/org/abreslav/grammatic/atf/parser/ATFModuleParser.java" StructureKind="resource" NumEvents="3" CreationCount="19"/><InteractionEvent Delta="null" EndDate="2009-06-26 18:50:13.567 MSD" Interest="3.0" Kind="propagation" Navigation="org.eclipse.mylyn.core.model.edges.containment" OriginId="org.eclipse.mylyn.core.model.interest.propagation" StartDate="2009-06-26 18:49:08.280 MSD" StructureHandle="/org.abreslav.grammatic.atf/src/org/abreslav/grammatic/atf/parser" StructureKind="resource" NumEvents="3" CreationCount="19"/><InteractionEvent Delta="null" EndDate="2009-06-26 18:48:52.462 MSD" Interest="5.1" Kind="propagation" Navigation="org.eclipse.mylyn.core.model.edges.containment" OriginId="org.eclipse.mylyn.core.model.interest.propagation" StartDate="2009-06-26 18:48:40.759 MSD" StructureHandle="/org.abreslav.grammatic.tester/testData/atf/interpreter/java" StructureKind="resource" NumEvents="6" CreationCount="9"/><InteractionEvent Delta="null" EndDate="2009-06-26 18:50:13.586 MSD" Interest="1.7169998" Kind="propagation" Navigation="org.eclipse.mylyn.core.model.edges.containment" OriginId="org.eclipse.mylyn.core.model.interest.propagation" StartDate="2009-06-26 18:49:37.457 MSD" StructureHandle="=org.abreslav.grammatic.atf.java/src&amp;lt;org.abreslav.grammatic.atf.java.parser{JavaTypeSystemBuilder.java" StructureKind="java" NumEvents="3" CreationCount="21"/><InteractionEvent Delta="null" EndDate="2009-06-26 18:49:36.866 MSD" Interest="1.0" Kind="selection" Navigation="null" OriginId="org.eclipse.jdt.ui.CompilationUnitEditor" StartDate="2009-06-26 18:49:36.866 MSD" StructureHandle="=org.abreslav.grammatic.atf.java/src&amp;lt;org.abreslav.grammatic.atf.java.parser{JavaTypeSystemBuilder.java" StructureKind="java"/><InteractionEvent Delta="null" EndDate="2009-06-26 18:50:13.567 MSD" Interest="3.0" Kind="propagation" Navigation="org.eclipse.mylyn.core.model.edges.containment" OriginId="org.eclipse.mylyn.core.model.interest.propagation" StartDate="2009-06-26 18:49:08.280 MSD" StructureHandle="/org.abreslav.grammatic.atf/src/org/abreslav/grammatic" StructureKind="resource" NumEvents="3" CreationCount="19"/><InteractionEvent Delta="null" EndDate="2009-06-26 18:50:13.586 MSD" Interest="4.0" Kind="propagation" Navigation="org.eclipse.mylyn.core.model.edges.containment" OriginId="org.eclipse.mylyn.core.model.interest.propagation" StartDate="2009-06-26 18:49:36.866 MSD" StructureHandle="/org.abreslav.grammatic.atf.java/src/org/abreslav/grammatic/atf/java" StructureKind="resource" NumEvents="4" CreationCount="21"/><InteractionEvent Delta="null" EndDate="2009-06-26 18:50:13.586 MSD" Interest="4.0" Kind="propagation" Navigation="org.eclipse.mylyn.core.model.edges.containment" OriginId="org.eclipse.mylyn.core.model.interest.propagation" StartDate="2009-06-26 18:49:36.866 MSD" StructureHandle="/org.abreslav.grammatic.atf.java/src/org/abreslav" StructureKind="resource" NumEvents="4" CreationCount="21"/><InteractionEvent Delta="null" EndDate="2009-06-26 18:50:13.586 MSD" Interest="16.0" Kind="propagation" Navigation="null" OriginId="org.eclipse.jdt.callhierarchy.view" StartDate="2009-06-26 18:47:42.367 MSD" StructureHandle="/org.abreslav.grammatic.atf.java" StructureKind="resource" NumEvents="16" CreationCount="1"/><InteractionEvent Delta="null" EndDate="2009-06-26 18:50:13.567 MSD" Interest="3.0" Kind="propagation" Navigation="org.eclipse.mylyn.core.model.edges.containment" OriginId="org.eclipse.mylyn.core.model.interest.propagation" StartDate="2009-06-26 18:49:08.280 MSD" StructureHandle="/org.abreslav.grammatic.atf/src/org" StructureKind="resource" NumEvents="3" CreationCount="19"/><InteractionEvent Delta="null" EndDate="2009-06-26 18:48:52.462 MSD" Interest="5.1" Kind="propagation" Navigation="org.eclipse.mylyn.core.model.edges.containment" OriginId="org.eclipse.mylyn.core.model.interest.propagation" StartDate="2009-06-26 18:48:40.760 MSD" StructureHandle="/org.abreslav.grammatic.tester/testData/atf/interpreter" StructureKind="resource" NumEvents="6" CreationCount="9"/><InteractionEvent Delta="null" EndDate="2009-06-26 18:50:13.586 MSD" Interest="4.0" Kind="propagation" Navigation="org.eclipse.mylyn.core.model.edges.containment" OriginId="org.eclipse.mylyn.core.model.interest.propagation" StartDate="2009-06-26 18:49:36.866 MSD" StructureHandle="/org.abreslav.grammatic.atf.java/src/org/abreslav/grammatic/atf/java/parser" StructureKind="resource" NumEvents="4" CreationCount="21"/><InteractionEvent Delta="null" EndDate="2009-06-26 18:48:52.463 MSD" Interest="5.1" Kind="propagation" Navigation="org.eclipse.mylyn.core.model.edges.containment" OriginId="org.eclipse.mylyn.core.model.interest.propagation" StartDate="2009-06-26 18:48:40.761 MSD" StructureHandle="/org.abreslav.grammatic.tester/testData" StructureKind="resource" NumEvents="6" CreationCount="9"/><InteractionEvent Delta="null" EndDate="2009-06-26 18:48:44.878 MSD" Interest="2.0" Kind="selection" Navigation="null" OriginId="org.eclipse.ui.DefaultTextEditor" StartDate="2009-06-26 18:47:42.366 MSD" StructureHandle="/org.abreslav.grammatic.atf.java/grammar/JavaTypes.grammar" StructureKind="resource" NumEvents="2" CreationCount="1"/><InteractionEvent Delta="null" EndDate="2009-06-26 18:48:44.887 MSD" Interest="3.0" Kind="edit" Navigation="null" OriginId="org.eclipse.ui.DefaultTextEditor" StartDate="2009-06-26 18:47:42.402 MSD" StructureHandle="/org.abreslav.grammatic.atf.java/grammar/JavaTypes.grammar" StructureKind="resource" NumEvents="3" CreationCount="1"/><InteractionEvent Delta="null" EndDate="2009-06-26 18:50:13.567 MSD" Interest="3.0" Kind="propagation" Navigation="org.eclipse.mylyn.core.model.edges.containment" OriginId="org.eclipse.mylyn.core.model.interest.propagation" StartDate="2009-06-26 18:49:08.280 MSD" StructureHandle="/org.abreslav.grammatic.atf/src/org/abreslav" StructureKind="resource" NumEvents="3" CreationCount="19"/><InteractionEvent Delta="null" EndDate="2009-06-26 18:50:13.567 MSD" Interest="3.0" Kind="propagation" Navigation="org.eclipse.mylyn.core.model.edges.containment" OriginId="org.eclipse.mylyn.core.model.interest.propagation" StartDate="2009-06-26 18:49:08.280 MSD" StructureHandle="/org.abreslav.grammatic.atf/src" StructureKind="resource" NumEvents="3" CreationCount="19"/><InteractionEvent Delta="null" EndDate="2009-06-26 18:50:13.585 MSD" Interest="2.6999998" Kind="propagation" Navigation="org.eclipse.mylyn.core.model.edges.containment" OriginId="org.eclipse.mylyn.core.model.interest.propagation" StartDate="2009-06-26 18:49:37.457 MSD" StructureHandle="=org.abreslav.grammatic.atf.java/src&amp;lt;org.abreslav.grammatic.atf.java.parser{JavaTypeSystemBuilder.java[JavaTypeSystemBuilder" StructureKind="java" NumEvents="3" CreationCount="22"/><InteractionEvent Delta="null" EndDate="2009-06-26 18:48:47.847 MSD" Interest="3.0" Kind="selection" Navigation="null" OriginId="org.eclipse.ui.DefaultTextEditor" StartDate="2009-06-26 18:47:59.169 MSD" StructureHandle="/org.abreslav.grammatic.atf.java/grammar/JavaTypes.aspect" StructureKind="resource" NumEvents="3" CreationCount="4"/><InteractionEvent Delta="null" EndDate="2009-06-26 18:48:47.855 MSD" Interest="3.0" Kind="edit" Navigation="null" OriginId="org.eclipse.ui.DefaultTextEditor" StartDate="2009-06-26 18:47:59.173 MSD" StructureHandle="/org.abreslav.grammatic.atf.java/grammar/JavaTypes.aspect" StructureKind="resource" NumEvents="3" CreationCount="4"/><InteractionEvent Delta="null" EndDate="2009-06-26 18:50:13.586 MSD" Interest="22.0" Kind="propagation" Navigation="null" OriginId="org.eclipse.jdt.callhierarchy.view" StartDate="2009-06-26 18:47:42.367 MSD" StructureHandle="/" StructureKind="resource" NumEvents="22" CreationCount="1"/><InteractionEvent Delta="null" EndDate="2009-06-26 18:50:13.567 MSD" Interest="2.017" Kind="propagation" Navigation="org.eclipse.mylyn.core.model.edges.containment" OriginId="org.eclipse.mylyn.core.model.interest.propagation" StartDate="2009-06-26 18:49:08.280 MSD" StructureHandle="=org.abreslav.grammatic.atf/src" StructureKind="java" NumEvents="3" CreationCount="19"/><InteractionEvent Delta="null" EndDate="2009-06-26 18:48:48.359 MSD" Interest="3.0" Kind="selection" Navigation="null" OriginId="org.eclipse.ui.DefaultTextEditor" StartDate="2009-06-26 18:48:40.758 MSD" StructureHandle="/org.abreslav.grammatic.tester/testData/atf/interpreter/java/GrammaticCharacter.atf" StructureKind="resource" NumEvents="3" CreationCount="9"/><InteractionEvent Delta="null" EndDate="2009-06-26 18:48:52.461 MSD" Interest="3.0" Kind="edit" Navigation="null" OriginId="org.eclipse.ui.DefaultTextEditor" StartDate="2009-06-26 18:48:40.965 MSD" StructureHandle="/org.abreslav.grammatic.tester/testData/atf/interpreter/java/GrammaticCharacter.atf" StructureKind="resource" NumEvents="3" CreationCount="9"/><InteractionEvent Delta="null" EndDate="2009-06-26 18:50:13.586 MSD" Interest="2.7169995" Kind="propagation" Navigation="org.eclipse.mylyn.core.model.edges.containment" OriginId="org.eclipse.mylyn.core.model.interest.propagation" StartDate="2009-06-26 18:49:36.866 MSD" StructureHandle="=org.abreslav.grammatic.atf.java/src&amp;lt;org.abreslav.grammatic.atf.java.parser" StructureKind="java" NumEvents="4" CreationCount="21"/><InteractionEvent Delta="null" EndDate="2009-06-26 18:48:52.463 MSD" Interest="5.1" Kind="propagation" Navigation="org.eclipse.mylyn.core.model.edges.containment" OriginId="org.eclipse.mylyn.core.model.interest.propagation" StartDate="2009-06-26 18:48:40.760 MSD" StructureHandle="/org.abreslav.grammatic.tester/testData/atf" StructureKind="resource" NumEvents="6" CreationCount="9"/><InteractionEvent Delta="null" EndDate="2009-06-26 18:48:52.463 MSD" Interest="6.0" Kind="propagation" Navigation="null" OriginId="org.eclipse.ui.DefaultTextEditor" StartDate="2009-06-26 18:48:40.761 MSD" StructureHandle="/org.abreslav.grammatic.tester" StructureKind="resource" NumEvents="6" CreationCount="9"/><InteractionEvent Delta="null" EndDate="2009-06-26 18:48:47.856 MSD" Interest="4.151" Kind="propagation" Navigation="org.eclipse.mylyn.core.model.edges.containment" OriginId="org.eclipse.mylyn.core.model.interest.propagation" StartDate="2009-06-26 18:47:42.367 MSD" StructureHandle="/org.abreslav.grammatic.atf.java/grammar" StructureKind="resource" NumEvents="7" CreationCount="1"/><InteractionEvent Delta="null" EndDate="2009-06-26 18:48:14.582 MSD" Interest="1.0" Kind="selection" Navigation="null" OriginId="org.eclipse.jdt.ui.PackageExplorer" StartDate="2009-06-26 18:48:14.582 MSD" StructureHandle="/org.abreslav.grammatic.atf.java/grammar" StructureKind="resource"/><InteractionEvent Delta="null" EndDate="2009-06-26 18:48:52.463 MSD" Interest="5.1" Kind="propagation" Navigation="org.eclipse.mylyn.core.model.edges.containment" OriginId="org.eclipse.mylyn.core.model.interest.propagation" StartDate="2009-06-26 18:48:40.761 MSD" StructureHandle="=org.abreslav.grammatic.tester" StructureKind="java" NumEvents="6" CreationCount="9"/><InteractionEvent Delta="null" EndDate="2009-06-26 18:50:13.567 MSD" Interest="2.0" Kind="propagation" Navigation="org.eclipse.mylyn.core.model.edges.containment" OriginId="org.eclipse.mylyn.core.model.interest.propagation" StartDate="2009-06-26 18:49:08.873 MSD" StructureHandle="=org.abreslav.grammatic.atf/src&amp;lt;org.abreslav.grammatic.atf.parser{ATFModuleParser.java[ATFModuleParser" StructureKind="java" NumEvents="2" CreationCount="20"/><InteractionEvent Delta="null" EndDate="2009-06-26 18:50:13.567 MSD" Interest="3.0" Kind="propagation" Navigation="org.eclipse.mylyn.core.model.edges.containment" OriginId="org.eclipse.mylyn.core.model.interest.propagation" StartDate="2009-06-26 18:49:08.280 MSD" StructureHandle="=org.abreslav.grammatic.atf" StructureKind="resource" NumEvents="3" CreationCount="19"/><InteractionEvent Delta="null" EndDate="2009-06-26 18:50:13.586 MSD" Interest="2.7169995" Kind="propagation" Navigation="org.eclipse.mylyn.core.model.edges.containment" OriginId="org.eclipse.mylyn.core.model.interest.propagation" StartDate="2009-06-26 18:49:36.866 MSD" StructureHandle="=org.abreslav.grammatic.atf.java/src" StructureKind="java" NumEvents="4" CreationCount="21"/><InteractionEvent Delta="null" EndDate="2009-06-26 18:50:13.567 MSD" Interest="3.0" Kind="propagation" Navigation="org.eclipse.mylyn.core.model.edges.containment" OriginId="org.eclipse.mylyn.core.model.interest.propagation" StartDate="2009-06-26 18:49:08.280 MSD" StructureHandle="/org.abreslav.grammatic.atf/src/org/abreslav/grammatic/atf" StructureKind="resource" NumEvents="3" CreationCount="19"/><InteractionEvent Delta="null" EndDate="2009-06-26 18:50:13.585 MSD" Interest="2.0" Kind="selection" Navigation="null" OriginId="org.eclipse.jdt.callhierarchy.view" StartDate="2009-06-26 18:49:37.456 MSD" StructureHandle="=org.abreslav.grammatic.atf.java/src&amp;lt;org.abreslav.grammatic.atf.java.parser{JavaTypeSystemBuilder.java[JavaTypeSystemBuilder~loadTypeSystemModule~QString;" StructureKind="java" NumEvents="2" CreationCount="22"/><InteractionEvent Delta="null" EndDate="2009-06-26 18:50:12.500 MSD" Interest="1.0" Kind="edit" Navigation="null" OriginId="org.eclipse.jdt.ui.CompilationUnitEditor" StartDate="2009-06-26 18:50:12.500 MSD" StructureHandle="=org.abreslav.grammatic.atf.java/src&amp;lt;org.abreslav.grammatic.atf.java.parser{JavaTypeSystemBuilder.java[JavaTypeSystemBuilder~loadTypeSystemModule~QString;" StructureKind="java"/></InteractionHistory>