<?xml version="1.0" encoding="UTF-8"?><InteractionHistory Id="local-4" Version="1"><InteractionEvent Delta="null" EndDate="2009-06-26 18:51:36.946 MSD" Interest="2.0" Kind="selection" Navigation="null" OriginId="org.eclipse.jdt.ui.CompilationUnitEditor" StartDate="2009-06-26 18:51:17.556 MSD" StructureHandle="=org.abreslav.grammatic.atf/src&amp;lt;org.abreslav.grammatic.atf.parser{ATFModuleParser.java" StructureKind="java" NumEvents="2" CreationCount="1"/><InteractionEvent Delta="null" EndDate="2009-06-26 18:51:36.964 MSD" Interest="0.017000139" Kind="propagation" Navigation="org.eclipse.mylyn.core.model.edges.containment" OriginId="org.eclipse.mylyn.core.model.interest.propagation" StartDate="2009-06-26 18:51:18.150 MSD" StructureHandle="=org.abreslav.grammatic.atf/src&amp;lt;org.abreslav.grammatic.atf.parser{ATFModuleParser.java" StructureKind="java" NumEvents="2" CreationCount="1"/><InteractionEvent Delta="null" EndDate="2009-06-27 10:10:53.228 MSD" Interest="3.0" Kind="selection" Navigation="null" OriginId="org.eclipse.jdt.ui.CompilationUnitEditor" StartDate="2009-06-26 18:55:20.325 MSD" StructureHandle="=org.abreslav.grammatic.atf.java/src&amp;lt;org.abreslav.grammatic.atf.java.parser{JavaTypeSystemBuilder.java[JavaTypeSystemBuilder~openModule~QString;~QIOptions;" StructureKind="java" NumEvents="3" CreationCount="31"/><InteractionEvent Delta="null" EndDate="2009-06-27 09:54:58.292 MSD" Interest="1.0" Kind="edit" Navigation="null" OriginId="org.eclipse.jdt.ui.CompilationUnitEditor" StartDate="2009-06-27 09:54:58.292 MSD" StructureHandle="=org.abreslav.grammatic.atf.java/src&amp;lt;org.abreslav.grammatic.atf.java.parser{JavaTypeSystemBuilder.java[JavaTypeSystemBuilder~openModule~QString;~QIOptions;" StructureKind="java"/><InteractionEvent Delta="null" EndDate="2009-06-27 10:06:49.246 MSD" Interest="6.0" Kind="edit" Navigation="null" OriginId="org.eclipse.jdt.ui.CompilationUnitEditor" StartDate="2009-06-27 10:06:40.604 MSD" StructureHandle="=org.abreslav.grammatic.atf.java/src&amp;lt;org.abreslav.grammatic.atf.java.parser{Stack.java[Stack^myData" StructureKind="java" NumEvents="6" CreationCount="73"/><InteractionEvent Delta="null" EndDate="2009-06-27 10:11:10.461 MSD" Interest="139.0" Kind="propagation" Navigation="org.eclipse.mylyn.core.model.edges.containment" OriginId="org.eclipse.mylyn.core.model.interest.propagation" StartDate="2009-06-26 18:51:29.342 MSD" StructureHandle="/org.abreslav.grammatic.atf.java/src/org/abreslav/grammatic" StructureKind="resource" NumEvents="139" CreationCount="3"/><InteractionEvent Delta="null" EndDate="2009-06-26 18:56:17.933 MSD" Interest="1.0" Kind="selection" Navigation="null" OriginId="org.eclipse.jdt.ui.CompilationUnitEditor" StartDate="2009-06-26 18:56:17.933 MSD" StructureHandle="=org.abreslav.grammatic.atf.java/src&amp;lt;org.abreslav.grammatic.atf.java.parser{ATFJavaModuleParser.java" StructureKind="java"/><InteractionEvent Delta="null" EndDate="2009-06-26 18:56:17.249 MSD" Interest="1.0" Kind="propagation" Navigation="org.eclipse.mylyn.core.model.edges.containment" OriginId="org.eclipse.mylyn.core.model.interest.propagation" StartDate="2009-06-26 18:56:17.249 MSD" StructureHandle="=org.abreslav.grammatic.atf.java/src&amp;lt;org.abreslav.grammatic.atf.java.parser{ATFJavaModuleParser.java" StructureKind="java"/><InteractionEvent Delta="null" EndDate="2009-06-26 23:55:43.654 MSD" Interest="1.0" Kind="selection" Navigation="null" OriginId="org.eclipse.ui.DefaultTextEditor" StartDate="2009-06-26 23:55:43.654 MSD" StructureHandle="/org.abreslav.grammatic.atf/grammar/ATF.templates" StructureKind="resource"/><InteractionEvent Delta="null" EndDate="2009-06-26 23:55:56.248 MSD" Interest="7.0" Kind="edit" Navigation="null" OriginId="org.eclipse.ui.DefaultTextEditor" StartDate="2009-06-26 23:55:43.683 MSD" StructureHandle="/org.abreslav.grammatic.atf/grammar/ATF.templates" StructureKind="resource" NumEvents="7" CreationCount="52"/><InteractionEvent Delta="null" EndDate="2009-06-27 10:11:10.460 MSD" Interest="54.0" Kind="propagation" Navigation="null" OriginId="org.eclipse.jdt.ui.CompilationUnitEditor" StartDate="2009-06-26 18:51:29.342 MSD" StructureHandle="/org.abreslav.grammatic.atf.java/src/org/abreslav/grammatic/atf/java/parser/JavaTypeSystemBuilder.java" StructureKind="resource" NumEvents="54" CreationCount="3"/><InteractionEvent Delta="null" EndDate="2009-06-27 10:11:10.461 MSD" Interest="139.0" Kind="propagation" Navigation="org.eclipse.mylyn.core.model.edges.containment" OriginId="org.eclipse.mylyn.core.model.interest.propagation" StartDate="2009-06-26 18:51:29.342 MSD" StructureHandle="=org.abreslav.grammatic.atf.java" StructureKind="resource" NumEvents="139" CreationCount="3"/><InteractionEvent Delta="null" EndDate="2009-06-27 10:10:59.661 MSD" Interest="1.0" Kind="propagation" Navigation="org.eclipse.mylyn.core.model.edges.containment" OriginId="org.eclipse.mylyn.core.model.interest.propagation" StartDate="2009-06-27 10:10:59.661 MSD" StructureHandle="=org.abreslav.grammatic.atf.java/src&amp;lt;org.abreslav.grammatic.atf.java.parser{JavaTypeSystemBuilder.java[JavaTypeSystemBuilder^STUB_FACTORY" StructureKind="java"/><InteractionEvent Delta="null" EndDate="2009-06-27 10:11:10.461 MSD" Interest="139.0" Kind="propagation" Navigation="org.eclipse.mylyn.core.model.edges.containment" OriginId="org.eclipse.mylyn.core.model.interest.propagation" StartDate="2009-06-26 18:51:29.342 MSD" StructureHandle="/org.abreslav.grammatic.atf.java/src/org" StructureKind="resource" NumEvents="139" CreationCount="3"/><InteractionEvent Delta="null" EndDate="2009-06-27 10:10:53.210 MSD" Interest="6.0" Kind="selection" Navigation="null" OriginId="org.eclipse.jdt.ui.CompilationUnitEditor" StartDate="2009-06-26 18:51:29.342 MSD" StructureHandle="=org.abreslav.grammatic.atf.java/src&amp;lt;org.abreslav.grammatic.atf.java.parser{JavaTypeSystemBuilder.java" StructureKind="java" NumEvents="6" CreationCount="3"/><InteractionEvent Delta="null" EndDate="2009-06-27 00:02:31.574 MSD" Interest="15.617" Kind="propagation" Navigation="org.eclipse.mylyn.core.model.edges.containment" OriginId="org.eclipse.mylyn.core.model.interest.propagation" StartDate="2009-06-26 18:51:29.917 MSD" StructureHandle="=org.abreslav.grammatic.atf.java/src&amp;lt;org.abreslav.grammatic.atf.java.parser{JavaTypeSystemBuilder.java" StructureKind="java" NumEvents="25" CreationCount="3"/><InteractionEvent Delta="null" EndDate="2009-06-27 10:11:10.461 MSD" Interest="139.0" Kind="propagation" Navigation="org.eclipse.mylyn.core.model.edges.containment" OriginId="org.eclipse.mylyn.core.model.interest.propagation" StartDate="2009-06-26 18:51:29.342 MSD" StructureHandle="/org.abreslav.grammatic.atf.java/src/org/abreslav" StructureKind="resource" NumEvents="139" CreationCount="3"/><InteractionEvent Delta="null" EndDate="2009-06-26 18:51:36.964 MSD" Interest="4.0" Kind="propagation" Navigation="org.eclipse.mylyn.core.model.edges.containment" OriginId="org.eclipse.mylyn.core.model.interest.propagation" StartDate="2009-06-26 18:51:17.557 MSD" StructureHandle="/org.abreslav.grammatic.atf/src/org" StructureKind="resource" NumEvents="4" CreationCount="1"/><InteractionEvent Delta="null" EndDate="2009-06-27 10:10:59.661 MSD" Interest="1.0" Kind="propagation" Navigation="org.eclipse.mylyn.core.model.edges.containment" OriginId="org.eclipse.mylyn.core.model.interest.propagation" StartDate="2009-06-27 10:10:59.661 MSD" StructureHandle="=org.abreslav.grammatic.atf.java/src&amp;lt;org.abreslav.grammatic.atf.java.parser{JavaTypeSystemBuilder.java[JavaTypeSystemBuilder^STUB_FACTORY[" StructureKind="java"/><InteractionEvent Delta="null" EndDate="2009-06-27 10:09:44.699 MSD" Interest="2.0" Kind="selection" Navigation="null" OriginId="org.eclipse.jdt.ui.CompilationUnitEditor" StartDate="2009-06-27 10:07:59.980 MSD" StructureHandle="=org.abreslav.grammatic.atf.java/src&amp;lt;org.abreslav.grammatic.atf.java.parser{Stack.java[Stack~push~QT;" StructureKind="java" NumEvents="2" CreationCount="108"/><InteractionEvent Delta="null" EndDate="2009-06-27 10:08:16.300 MSD" Interest="7.0" Kind="edit" Navigation="null" OriginId="org.eclipse.jdt.ui.CompilationUnitEditor" StartDate="2009-06-27 10:08:02.665 MSD" StructureHandle="=org.abreslav.grammatic.atf.java/src&amp;lt;org.abreslav.grammatic.atf.java.parser{Stack.java[Stack~push~QT;" StructureKind="java" NumEvents="7" CreationCount="108"/><InteractionEvent Delta="null" EndDate="2009-06-26 18:56:06.278 MSD" Interest="5.0" Kind="selection" Navigation="null" OriginId="org.eclipse.jdt.callhierarchy.view" StartDate="2009-06-26 18:51:29.916 MSD" StructureHandle="=org.abreslav.grammatic.atf.java/src&amp;lt;org.abreslav.grammatic.atf.java.parser{JavaTypeSystemBuilder.java[JavaTypeSystemBuilder~loadTypeSystemModule~QString;" StructureKind="java" NumEvents="5" CreationCount="4"/><InteractionEvent Delta="null" EndDate="2009-06-26 18:55:15.674 MSD" Interest="17.0" Kind="edit" Navigation="null" OriginId="org.eclipse.jdt.ui.CompilationUnitEditor" StartDate="2009-06-26 18:51:56.577 MSD" StructureHandle="=org.abreslav.grammatic.atf.java/src&amp;lt;org.abreslav.grammatic.atf.java.parser{JavaTypeSystemBuilder.java[JavaTypeSystemBuilder~loadTypeSystemModule~QString;" StructureKind="java" NumEvents="17" CreationCount="4"/><InteractionEvent Delta="null" EndDate="2009-06-26 23:59:50.929 MSD" Interest="3.0" Kind="selection" Navigation="null" OriginId="org.eclipse.jdt.ui.CompilationUnitEditor" StartDate="2009-06-26 18:55:16.845 MSD" StructureHandle="=org.abreslav.grammatic.atf.java/src&amp;lt;org.abreslav.grammatic.atf.java.parser{JavaTypeSystemBuilder.java[JavaTypeSystemBuilder~closeModule~QString;" StructureKind="java" NumEvents="3" CreationCount="29"/><InteractionEvent Delta="null" EndDate="2009-06-27 10:11:10.461 MSD" Interest="139.0" Kind="propagation" Navigation="null" OriginId="org.eclipse.jdt.ui.CompilationUnitEditor" StartDate="2009-06-26 18:51:29.342 MSD" StructureHandle="/org.abreslav.grammatic.atf.java/src/org/abreslav/grammatic/atf/java/parser" StructureKind="resource" NumEvents="139" CreationCount="3"/><InteractionEvent Delta="null" EndDate="2009-06-27 00:01:11.614 MSD" Interest="4.0" Kind="selection" Navigation="null" OriginId="org.eclipse.jdt.ui.CompilationUnitEditor" StartDate="2009-06-26 18:55:17.849 MSD" StructureHandle="=org.abreslav.grammatic.atf.java/src&amp;lt;org.abreslav.grammatic.atf.java.parser{JavaTypeSystemBuilder.java[JavaTypeSystemBuilder" StructureKind="java" NumEvents="4" CreationCount="4"/><InteractionEvent Delta="null" EndDate="2009-06-27 00:02:31.574 MSD" Interest="1.0" Kind="edit" Navigation="null" OriginId="org.eclipse.jdt.ui.CompilationUnitEditor" StartDate="2009-06-27 00:02:31.574 MSD" StructureHandle="=org.abreslav.grammatic.atf.java/src&amp;lt;org.abreslav.grammatic.atf.java.parser{JavaTypeSystemBuilder.java[JavaTypeSystemBuilder" StructureKind="java"/><InteractionEvent Delta="null" EndDate="2009-06-26 18:56:06.278 MSD" Interest="15.9" Kind="propagation" Navigation="org.eclipse.mylyn.core.model.edges.containment" OriginId="org.eclipse.mylyn.core.model.interest.propagation" StartDate="2009-06-26 18:51:29.917 MSD" StructureHandle="=org.abreslav.grammatic.atf.java/src&amp;lt;org.abreslav.grammatic.atf.java.parser{JavaTypeSystemBuilder.java[JavaTypeSystemBuilder" StructureKind="java" NumEvents="21" CreationCount="4"/><InteractionEvent Delta="null" EndDate="2009-06-27 10:11:10.460 MSD" Interest="138.03401" Kind="propagation" Navigation="org.eclipse.mylyn.core.model.edges.containment" OriginId="org.eclipse.mylyn.core.model.interest.propagation" StartDate="2009-06-26 18:51:17.557 MSD" StructureHandle="/" StructureKind="resource" NumEvents="141" CreationCount="1"/><InteractionEvent Delta="null" EndDate="2009-06-26 18:51:36.947 MSD" Interest="2.0170002" Kind="propagation" Navigation="org.eclipse.mylyn.core.model.edges.containment" OriginId="org.eclipse.mylyn.core.model.interest.propagation" StartDate="2009-06-26 18:51:17.557 MSD" StructureHandle="=org.abreslav.grammatic.atf/src" StructureKind="java" NumEvents="3" CreationCount="1"/><InteractionEvent Delta="null" EndDate="2009-06-26 18:56:18.497 MSD" Interest="3.0" Kind="propagation" Navigation="null" OriginId="org.eclipse.jdt.ui.CompilationUnitEditor" StartDate="2009-06-26 18:56:17.248 MSD" StructureHandle="/org.abreslav.grammatic.atf.java/src/org/abreslav/grammatic/atf/java/parser/ATFJavaModuleParser.java" StructureKind="resource" NumEvents="3" CreationCount="37"/><InteractionEvent Delta="null" EndDate="2009-06-26 18:56:18.497 MSD" Interest="1.7" Kind="propagation" Navigation="org.eclipse.mylyn.core.model.edges.containment" OriginId="org.eclipse.mylyn.core.model.interest.propagation" StartDate="2009-06-26 18:56:17.248 MSD" StructureHandle="=org.abreslav.grammatic.atf.java/src&amp;lt;org.abreslav.grammatic.atf.java.parser{ATFJavaModuleParser.java[ATFJavaModuleParser" StructureKind="java" NumEvents="2" CreationCount="37"/><InteractionEvent Delta="null" EndDate="2009-06-27 10:09:48.988 MSD" Interest="27.946999" Kind="propagation" Navigation="org.eclipse.mylyn.core.model.edges.containment" OriginId="org.eclipse.mylyn.core.model.interest.propagation" StartDate="2009-06-26 18:51:29.342 MSD" StructureHandle="=org.abreslav.grammatic.atf.java/src&amp;lt;org.abreslav.grammatic.atf.java.parser" StructureKind="java" NumEvents="41" CreationCount="3"/><InteractionEvent Delta="null" EndDate="2009-06-26 23:55:56.249 MSD" Interest="5.9" Kind="propagation" Navigation="org.eclipse.mylyn.core.model.edges.containment" OriginId="org.eclipse.mylyn.core.model.interest.propagation" StartDate="2009-06-26 23:55:43.655 MSD" StructureHandle="/org.abreslav.grammatic.atf/grammar" StructureKind="resource" NumEvents="8" CreationCount="52"/><InteractionEvent Delta="null" EndDate="2009-06-26 23:55:37.372 MSD" Interest="6.7969995" Kind="propagation" Navigation="org.eclipse.mylyn.core.model.edges.containment" OriginId="org.eclipse.mylyn.core.model.interest.propagation" StartDate="2009-06-26 18:51:17.557 MSD" StructureHandle="=org.abreslav.grammatic.atf" StructureKind="java" NumEvents="8" CreationCount="1"/><InteractionEvent Delta="null" EndDate="2009-06-27 10:07:08.999 MSD" Interest="1.0" Kind="selection" Navigation="null" OriginId="org.eclipse.jdt.ui.CompilationUnitEditor" StartDate="2009-06-27 10:07:08.999 MSD" StructureHandle="=org.abreslav.grammatic.atf.java/src&amp;lt;org.abreslav.grammatic.atf.java.parser{Stack.java[Stack^pe" StructureKind="java"/><InteractionEvent Delta="null" EndDate="2009-06-27 10:07:16.573 MSD" Interest="3.0" Kind="edit" Navigation="null" OriginId="org.eclipse.jdt.ui.CompilationUnitEditor" StartDate="2009-06-27 10:07:14.225 MSD" StructureHandle="=org.abreslav.grammatic.atf.java/src&amp;lt;org.abreslav.grammatic.atf.java.parser{Stack.java[Stack~peek" StructureKind="java" NumEvents="3" CreationCount="87"/><InteractionEvent Delta="null" EndDate="2009-06-26 18:51:36.946 MSD" Interest="2.0170002" Kind="propagation" Navigation="org.eclipse.mylyn.core.model.edges.containment" OriginId="org.eclipse.mylyn.core.model.interest.propagation" StartDate="2009-06-26 18:51:17.557 MSD" StructureHandle="=org.abreslav.grammatic.atf/src&amp;lt;org.abreslav.grammatic.atf.parser" StructureKind="java" NumEvents="3" CreationCount="1"/><InteractionEvent Delta="null" EndDate="2009-06-27 10:09:47.131 MSD" Interest="4.0" Kind="selection" Navigation="null" OriginId="org.eclipse.jdt.ui.CompilationUnitEditor" StartDate="2009-06-27 10:07:23.881 MSD" StructureHandle="=org.abreslav.grammatic.atf.java/src&amp;lt;org.abreslav.grammatic.atf.java.parser{Stack.java[Stack~pop" StructureKind="java" NumEvents="4" CreationCount="94"/><InteractionEvent Delta="null" EndDate="2009-06-27 10:09:48.987 MSD" Interest="32.0" Kind="edit" Navigation="null" OriginId="org.eclipse.jdt.ui.CompilationUnitEditor" StartDate="2009-06-27 10:07:39.793 MSD" StructureHandle="=org.abreslav.grammatic.atf.java/src&amp;lt;org.abreslav.grammatic.atf.java.parser{Stack.java[Stack~pop" StructureKind="java" NumEvents="32" CreationCount="94"/><InteractionEvent Delta="null" EndDate="2009-06-27 10:11:10.461 MSD" Interest="139.0" Kind="propagation" Navigation="org.eclipse.mylyn.core.model.edges.containment" OriginId="org.eclipse.mylyn.core.model.interest.propagation" StartDate="2009-06-26 18:51:29.342 MSD" StructureHandle="/org.abreslav.grammatic.atf.java/src/org/abreslav/grammatic/atf" StructureKind="resource" NumEvents="139" CreationCount="3"/><InteractionEvent Delta="null" EndDate="2009-06-27 10:11:10.461 MSD" Interest="139.0" Kind="propagation" Navigation="org.eclipse.mylyn.core.model.edges.containment" OriginId="org.eclipse.mylyn.core.model.interest.propagation" StartDate="2009-06-26 18:51:29.342 MSD" StructureHandle="/org.abreslav.grammatic.atf.java/src" StructureKind="resource" NumEvents="139" CreationCount="3"/><InteractionEvent Delta="null" EndDate="2009-06-26 18:51:36.964 MSD" Interest="4.0" Kind="propagation" Navigation="null" OriginId="org.eclipse.jdt.ui.CompilationUnitEditor" StartDate="2009-06-26 18:51:17.556 MSD" StructureHandle="/org.abreslav.grammatic.atf/src/org/abreslav/grammatic/atf/parser/ATFModuleParser.java" StructureKind="resource" NumEvents="4" CreationCount="1"/><InteractionEvent Delta="null" EndDate="2009-06-26 18:51:36.964 MSD" Interest="4.0" Kind="propagation" Navigation="org.eclipse.mylyn.core.model.edges.containment" OriginId="org.eclipse.mylyn.core.model.interest.propagation" StartDate="2009-06-26 18:51:17.556 MSD" StructureHandle="/org.abreslav.grammatic.atf/src/org/abreslav/grammatic/atf/parser" StructureKind="resource" NumEvents="4" CreationCount="1"/><InteractionEvent Delta="null" EndDate="2009-06-26 18:51:36.964 MSD" Interest="4.0" Kind="propagation" Navigation="org.eclipse.mylyn.core.model.edges.containment" OriginId="org.eclipse.mylyn.core.model.interest.propagation" StartDate="2009-06-26 18:51:17.556 MSD" StructureHandle="/org.abreslav.grammatic.atf/src/org/abreslav/grammatic" StructureKind="resource" NumEvents="4" CreationCount="1"/><InteractionEvent Delta="null" EndDate="2009-06-27 10:11:10.461 MSD" Interest="139.0" Kind="propagation" Navigation="org.eclipse.mylyn.core.model.edges.containment" OriginId="org.eclipse.mylyn.core.model.interest.propagation" StartDate="2009-06-26 18:51:29.342 MSD" StructureHandle="/org.abreslav.grammatic.atf.java/src/org/abreslav/grammatic/atf/java" StructureKind="resource" NumEvents="139" CreationCount="3"/><InteractionEvent Delta="null" EndDate="2009-06-26 23:53:59.843 MSD" Interest="4.0" Kind="selection" Navigation="null" OriginId="org.eclipse.jdt.ui.PackageExplorer" StartDate="2009-06-26 18:56:05.892 MSD" StructureHandle="=org.abreslav.grammatic.atf.java/src&amp;lt;org.abreslav.grammatic.atf.java.parser{JavaTypeSystemBuilder.java[JavaTypeSystemBuilder~JavaTypeSystemBuilder" StructureKind="java" NumEvents="4" CreationCount="34"/><InteractionEvent Delta="null" EndDate="2009-06-26 23:58:47.350 MSD" Interest="2.0" Kind="edit" Navigation="null" OriginId="org.eclipse.jdt.ui.CompilationUnitEditor" StartDate="2009-06-26 23:53:59.86 MSD" StructureHandle="=org.abreslav.grammatic.atf.java/src&amp;lt;org.abreslav.grammatic.atf.java.parser{JavaTypeSystemBuilder.java[JavaTypeSystemBuilder~JavaTypeSystemBuilder" StructureKind="java" NumEvents="2" CreationCount="34"/><InteractionEvent Delta="null" EndDate="2009-06-27 10:09:48.987 MSD" Interest="82.0" Kind="propagation" Navigation="null" OriginId="org.eclipse.jdt.ui.CompilationUnitEditor" StartDate="2009-06-27 10:06:20.964 MSD" StructureHandle="/org.abreslav.grammatic.atf.java/src/org/abreslav/grammatic/atf/java/parser/Stack.java" StructureKind="resource" NumEvents="82" CreationCount="65"/><InteractionEvent Delta="null" EndDate="2009-06-27 10:10:59.660 MSD" Interest="1.0" Kind="selection" Navigation="null" OriginId="org.eclipse.jdt.ui.CompilationUnitEditor" StartDate="2009-06-27 10:10:59.660 MSD" StructureHandle="=org.abreslav.grammatic.atf.java/src&amp;lt;org.abreslav.grammatic.atf.java.parser{JavaTypeSystemBuilder.java[JavaTypeSystemBuilder^STUB_FACTORY[~getSubjectStub~QClassifierKey;" StructureKind="java"/><InteractionEvent Delta="null" EndDate="2009-06-26 18:51:36.964 MSD" Interest="4.0" Kind="propagation" Navigation="org.eclipse.mylyn.core.model.edges.containment" OriginId="org.eclipse.mylyn.core.model.interest.propagation" StartDate="2009-06-26 18:51:17.557 MSD" StructureHandle="/org.abreslav.grammatic.atf/src/org/abreslav" StructureKind="resource" NumEvents="4" CreationCount="1"/><InteractionEvent Delta="null" EndDate="2009-06-26 18:51:36.964 MSD" Interest="4.0" Kind="propagation" Navigation="org.eclipse.mylyn.core.model.edges.containment" OriginId="org.eclipse.mylyn.core.model.interest.propagation" StartDate="2009-06-26 18:51:17.557 MSD" StructureHandle="/org.abreslav.grammatic.atf/src" StructureKind="resource" NumEvents="4" CreationCount="1"/><InteractionEvent Delta="null" EndDate="2009-06-26 18:54:41.122 MSD" Interest="1.0" Kind="selection" Navigation="null" OriginId="org.eclipse.jdt.ui.CompilationUnitEditor" StartDate="2009-06-26 18:54:41.122 MSD" StructureHandle="=org.abreslav.grammatic.atf.java/src&amp;lt;org.abreslav.grammatic.atf.java.parser{JavaTypeSystemBuilder.java[JavaTypeSystemBuilder~lookupClassifier~QString;~QString;" StructureKind="java"/><InteractionEvent Delta="null" EndDate="2009-06-26 18:54:54.418 MSD" Interest="1.0" Kind="edit" Navigation="null" OriginId="org.eclipse.jdt.ui.CompilationUnitEditor" StartDate="2009-06-26 18:54:54.418 MSD" StructureHandle="=org.abreslav.grammatic.atf.java/src&amp;lt;org.abreslav.grammatic.atf.java.parser{JavaTypeSystemBuilder.java[JavaTypeSystemBuilder~lookupClassifier~QString;~QString;" StructureKind="java"/><InteractionEvent Delta="null" EndDate="2009-06-26 18:56:17.248 MSD" Interest="1.0" Kind="selection" Navigation="null" OriginId="org.eclipse.jdt.callhierarchy.view" StartDate="2009-06-26 18:56:17.248 MSD" StructureHandle="=org.abreslav.grammatic.atf.java/src&amp;lt;org.abreslav.grammatic.atf.java.parser{ATFJavaModuleParser.java[ATFJavaModuleParser~ATFJavaModuleParser~QFileLocator;" StructureKind="java"/><InteractionEvent Delta="null" EndDate="2009-06-26 18:56:18.497 MSD" Interest="1.0" Kind="edit" Navigation="null" OriginId="org.eclipse.jdt.ui.CompilationUnitEditor" StartDate="2009-06-26 18:56:18.497 MSD" StructureHandle="=org.abreslav.grammatic.atf.java/src&amp;lt;org.abreslav.grammatic.atf.java.parser{ATFJavaModuleParser.java[ATFJavaModuleParser~ATFJavaModuleParser~QFileLocator;" StructureKind="java"/><InteractionEvent Delta="null" EndDate="2009-06-27 10:07:51.562 MSD" Interest="5.0" Kind="selection" Navigation="null" OriginId="org.eclipse.jdt.ui.CompilationUnitEditor" StartDate="2009-06-27 10:06:24.312 MSD" StructureHandle="=org.abreslav.grammatic.atf.java/src&amp;lt;org.abreslav.grammatic.atf.java.parser{Stack.java[Stack" StructureKind="java" NumEvents="5" CreationCount="67"/><InteractionEvent Delta="null" EndDate="2009-06-27 10:07:57.129 MSD" Interest="16.0" Kind="edit" Navigation="null" OriginId="org.eclipse.jdt.ui.CompilationUnitEditor" StartDate="2009-06-27 10:06:26.452 MSD" StructureHandle="=org.abreslav.grammatic.atf.java/src&amp;lt;org.abreslav.grammatic.atf.java.parser{Stack.java[Stack" StructureKind="java" NumEvents="16" CreationCount="67"/><InteractionEvent Delta="null" EndDate="2009-06-27 10:09:48.987 MSD" Interest="10.6589985" Kind="propagation" Navigation="org.eclipse.mylyn.core.model.edges.containment" OriginId="org.eclipse.mylyn.core.model.interest.propagation" StartDate="2009-06-27 10:06:47.664 MSD" StructureHandle="=org.abreslav.grammatic.atf.java/src&amp;lt;org.abreslav.grammatic.atf.java.parser{Stack.java[Stack" StructureKind="java" NumEvents="16" CreationCount="67"/><InteractionEvent Delta="null" EndDate="2009-06-26 18:51:36.963 MSD" Interest="2.0" Kind="selection" Navigation="null" OriginId="org.eclipse.jdt.ui.CompilationUnitEditor" StartDate="2009-06-26 18:51:18.149 MSD" StructureHandle="=org.abreslav.grammatic.atf/src&amp;lt;org.abreslav.grammatic.atf.parser{ATFModuleParser.java[ATFModuleParser~loadTypeSystemModule~QString;" StructureKind="java" NumEvents="2" CreationCount="2"/><InteractionEvent Delta="null" EndDate="2009-06-27 10:06:21.192 MSD" Interest="1.0" Kind="selection" Navigation="null" OriginId="org.eclipse.jdt.ui.CompilationUnitEditor" StartDate="2009-06-27 10:06:21.192 MSD" StructureHandle="=org.abreslav.grammatic.atf.java/src&amp;lt;org.abreslav.grammatic.atf.java.parser{Stack.java" StructureKind="java"/><InteractionEvent Delta="null" EndDate="2009-06-27 10:09:48.988 MSD" Interest="25.893" Kind="propagation" Navigation="org.eclipse.mylyn.core.model.edges.containment" OriginId="org.eclipse.mylyn.core.model.interest.propagation" StartDate="2009-06-27 10:06:20.964 MSD" StructureHandle="=org.abreslav.grammatic.atf.java/src&amp;lt;org.abreslav.grammatic.atf.java.parser{Stack.java" StructureKind="java" NumEvents="39" CreationCount="65"/><InteractionEvent Delta="null" EndDate="2009-06-26 18:51:36.963 MSD" Interest="2.0" Kind="propagation" Navigation="org.eclipse.mylyn.core.model.edges.containment" OriginId="org.eclipse.mylyn.core.model.interest.propagation" StartDate="2009-06-26 18:51:18.149 MSD" StructureHandle="=org.abreslav.grammatic.atf/src&amp;lt;org.abreslav.grammatic.atf.parser{ATFModuleParser.java[ATFModuleParser" StructureKind="java" NumEvents="2" CreationCount="2"/><InteractionEvent Delta="null" EndDate="2009-06-27 10:06:37.751 MSD" Interest="1.0" Kind="selection" Navigation="null" OriginId="org.eclipse.jdt.ui.CompilationUnitEditor" StartDate="2009-06-27 10:06:37.751 MSD" StructureHandle="=org.abreslav.grammatic.atf.java/src&amp;lt;org.abreslav.grammatic.atf.java.parser{Stack.java[Stack^my" StructureKind="java"/><InteractionEvent Delta="null" EndDate="2009-06-27 10:09:48.988 MSD" Interest="27.946999" Kind="propagation" Navigation="org.eclipse.mylyn.core.model.edges.containment" OriginId="org.eclipse.mylyn.core.model.interest.propagation" StartDate="2009-06-26 18:51:29.343 MSD" StructureHandle="=org.abreslav.grammatic.atf.java/src" StructureKind="java" NumEvents="41" CreationCount="3"/><InteractionEvent Delta="null" EndDate="2009-06-26 18:51:36.964 MSD" Interest="4.0" Kind="propagation" Navigation="org.eclipse.mylyn.core.model.edges.containment" OriginId="org.eclipse.mylyn.core.model.interest.propagation" StartDate="2009-06-26 18:51:17.556 MSD" StructureHandle="/org.abreslav.grammatic.atf/src/org/abreslav/grammatic/atf" StructureKind="resource" NumEvents="4" CreationCount="1"/><InteractionEvent Delta="null" EndDate="2009-06-27 10:11:10.459 MSD" Interest="2.0" Kind="selection" Navigation="null" OriginId="org.eclipse.jdt.ui.CompilationUnitEditor" StartDate="2009-06-26 23:58:57.975 MSD" StructureHandle="=org.abreslav.grammatic.atf.java/src&amp;lt;org.abreslav.grammatic.atf.java.parser{JavaTypeSystemBuilder.java[JavaTypeSystemBuilder^myResolvingDomain" StructureKind="java" NumEvents="2" CreationCount="45"/><InteractionEvent Delta="null" EndDate="2009-06-26 23:59:29.438 MSD" Interest="3.0" Kind="edit" Navigation="null" OriginId="org.eclipse.jdt.ui.CompilationUnitEditor" StartDate="2009-06-26 23:59:00.25 MSD" StructureHandle="=org.abreslav.grammatic.atf.java/src&amp;lt;org.abreslav.grammatic.atf.java.parser{JavaTypeSystemBuilder.java[JavaTypeSystemBuilder^myResolvingDomain" StructureKind="java" NumEvents="3" CreationCount="63"/></InteractionHistory>